[
  {
    "model": "users.BlogUser",
    "pk": 1,
    "fields": {
      "password": "pbkdf2_sha256$180000$nFcBtiqGnWN9$hf58wNg77oT1BlNKRdATVVvBIa69+dz22fL1JKOKTaA=",
      "last_login": null,
      "is_superuser": false,
      "username": "user1",
      "first_name": "",
      "last_name": "",
      "email": "user1@email.com",
      "is_staff": false,
      "is_active": true,
      "author": false
    }
  },
  {
    "model": "users.BlogUser",
    "pk": 2,
    "fields": {
      "password": "pbkdf2_sha256$180000$nFcBtiqGnWN9$hf58wNg77oT1BlNKRdATVVvBIa69+dz22fL1JKOKTaA=",
      "last_login": null,
      "is_superuser": false,
      "username": "user2",
      "first_name": "",
      "last_name": "",
      "email": "user2@email.com",
      "is_staff": false,
      "is_active": true,
      "author": false
    }
  },
  {
    "model": "graphql_auth.userstatus",
    "pk": 2,
    "fields": {
      "user": 2,
      "verified": true,
      "archived": false,
      "secondary_email": null
    }
  },
  {
    "model": "users.BlogUser",
    "pk": 3,
    "fields": {
      "password": "pbkdf2_sha256$180000$nFcBtiqGnWN9$hf58wNg77oT1BlNKRdATVVvBIa69+dz22fL1JKOKTaA=",
      "last_login": null,
      "is_superuser": false,
      "username": "user3",
      "first_name": "",
      "last_name": "",
      "email": "user3@email.com",
      "is_staff": false,
      "is_active": true,
      "author": false
    }
  },
  {
    "model": "graphql_auth.userstatus",
    "pk": 3,
    "fields": {
      "user": 3,
      "verified": true,
      "archived": true,
      "secondary_email": null
    }
  },
  {
    "model": "users.BlogUser",
    "pk": 4,
    "fields": {
      "password": "pbkdf2_sha256$180000$nFcBtiqGnWN9$hf58wNg77oT1BlNKRdATVVvBIa69+dz22fL1JKOKTaA=",
      "last_login": null,
      "is_superuser": false,
      "username": "user4",
      "first_name": "",
      "last_name": "",
      "email": "user4@email.com",
      "is_staff": false,
      "is_active": true,
      "author": false
    }
  },
  {
    "model": "graphql_auth.userstatus",
    "pk": 4,
    "fields": {
      "user": 4,
      "verified": true,
      "archived": false,
      "secondary_email": "user4_secondary@email.com"
    }
  }
]
